{
    "left": {
        "fx": 455.90661621,
        "fy": 455.78945923,
        "cx": 330.47070312,
        "cy": 184.86445618,
        "disto": [
            0.0,
            0.0,
            0.0,
            0.0,
            0.0,
            0.0,
            0.0,
            0.0,
            0.0,
            0.0,
            0.0,
            0.0
        ],
        "v_fov": 43.10002840715781,
        "h_fov": 70.1298896757805,
        "d_fov": 77.6976430171767
    },
    "right": {
        "fx": 455.90661621,
        "fy": 455.78945923,
        "cx": 330.47070312,
        "cy": 184.86445618,
        "disto": [
            0.0,
            0.0,
            0.0,
            0.0,
            0.0,
            0.0,
            0.0,
            0.0,
            0.0,
            0.0,
            0.0,
            0.0
        ],
        "v_fov": 43.10002840715781,
        "h_fov": 70.1298896757805,
        "d_fov": 77.6976430171767
    }
}
