{
    "left": {
        "fx": 607.875,
        "fy": 607.719,
        "cx": 333.961,
        "cy": 246.486,
        "disto": [
            0.0,
            0.0,
            0.0,
            0.0,
            0.0,
            0.0,
            0.0,
            0.0,
            0.0,
            0.0,
            0.0,
            0.0
        ],
        "v_fov": 43.1000463783738,
        "h_fov": 55.52679259806671,
        "d_fov": 66.69898621616056
    },
    "right": {
        "fx": 607.875,
        "fy": 607.719,
        "cx": 333.961,
        "cy": 246.486,
        "disto": [
            0.0,
            0.0,
            0.0,
            0.0,
            0.0,
            0.0,
            0.0,
            0.0,
            0.0,
            0.0,
            0.0,
            0.0
        ],
        "v_fov": 43.1000463783738,
        "h_fov": 55.52679259806671,
        "d_fov": 66.69898621616056
    }
}